Maths_Marks,Physics_Marks,Chemistry_Marks,Average_Mock_Test_Marks,Shift_Difficulty,Total_Marks,JEE_Percentile,Predicted_Rank
21,76,99,269,Hard,196,82.6,153879
12,7,29,54,Easy,48,18.41,736556
55,69,50,139,Hard,174,68.03,285497
31,43,79,57,Hard,153,58.94,368110
23,63,61,256,Easy,147,61.35,347623
26,91,78,182,Easy,195,67.28,295582
17,58,87,153,Hard,162,67.24,297225
21,8,24,162,Hard,53,26.18,667253
32,32,61,114,Hard,125,55.52,399165
89,47,92,176,Hard,228,91.37,76960
71,20,50,193,Hard,141,62.92,332857
7,16,17,111,Medium,40,17.62,740863
12,4,55,110,Easy,71,23.55,690179
36,10,21,155,Hard,67,37.64,559287
49,69,36,178,Hard,154,67.04,297400
75,11,44,235,Hard,130,54.5,407654
28,0,59,182,Hard,87,42.13,520523
79,23,51,240,Hard,153,69.03,280532
51,59,21,264,Easy,131,51.64,436285
81,72,49,284,Medium,202,81.03,170597
49,36,59,53,Hard,144,55.31,401924
46,32,75,57,Easy,153,52.04,432717
69,43,63,193,Hard,175,70.33,266286
23,46,57,284,Medium,126,55.93,394455
41,99,87,164,Medium,227,82.37,159531
93,51,16,127,Easy,160,53.28,422278
55,2,89,247,Easy,146,55.71,396326
90,95,70,244,Hard,255,100.0,757
29,44,44,182,Easy,117,49.89,448619
68,41,5,296,Medium,114,53.24,419238
78,96,22,107,Medium,196,67.28,292184
62,34,80,191,Easy,176,62.61,337567
4,84,15,205,Hard,103,48.35,467511
82,63,100,124,Medium,245,83.08,154488
4,32,83,286,Medium,119,58.87,367381
98,4,2,284,Hard,104,50.5,445492
80,27,26,138,Hard,133,60.06,357801
86,29,100,177,Hard,215,86.34,123321
26,4,60,274,Easy,90,44.28,502114
89,42,71,188,Hard,202,79.88,179893
33,82,51,265,Hard,166,74.47,231298
65,58,39,243,Hard,162,73.32,238654
94,43,57,115,Hard,194,69.62,275200
42,20,23,70,Easy,85,30.12,628053
14,48,91,246,Easy,153,57.34,383728
74,96,88,139,Medium,258,94.57,48063
63,95,34,127,Medium,192,67.56,293286
96,32,34,246,Medium,162,70.14,271260
13,72,97,242,Medium,182,69.09,277045
15,18,44,270,Hard,77,47.8,468879
12,100,60,206,Hard,172,69.25,275807
43,86,59,287,Medium,188,81.21,169261
95,43,96,268,Easy,234,90.5,88382
43,76,98,257,Hard,217,84.25,144713
100,0,26,100,Hard,126,47.27,477514
79,58,67,240,Easy,204,73.78,238115
27,88,42,118,Hard,157,61.03,353025
85,71,49,117,Easy,205,69.6,271933
58,68,20,245,Medium,146,65.3,313206
41,22,73,239,Medium,136,57.66,378941
61,100,32,132,Medium,193,74.46,229582
19,40,65,234,Easy,124,46.6,481838
42,90,84,149,Medium,216,78.01,199804
77,52,100,129,Hard,229,88.06,108468
21,98,96,252,Hard,215,85.97,126230
73,71,60,125,Medium,204,71.47,254097
46,73,80,219,Easy,199,73.6,240123
48,43,51,184,Medium,142,60.47,356968
65,46,19,273,Easy,130,54.72,406350
87,75,35,266,Easy,197,79.24,186981
82,41,58,156,Easy,181,65.99,303863
81,24,20,276,Medium,125,53.37,417505
37,7,62,101,Hard,106,47.25,476758
55,33,2,158,Hard,90,45.15,491809
50,100,100,222,Hard,250,95.9,39390
99,72,1,290,Medium,172,71.54,254051
26,65,23,132,Medium,114,46.65,477507
46,66,20,161,Easy,132,53.93,413242
97,22,84,129,Easy,203,74.95,223693
92,48,37,114,Medium,177,62.56,337561
34,44,75,137,Easy,153,53.04,422565
81,99,61,83,Easy,241,80.45,173289
8,43,52,93,Easy,103,32.84,601924
71,3,36,249,Easy,110,44.58,496100
69,58,42,59,Hard,169,65.21,310541
42,70,9,268,Hard,121,58.42,376683
42,15,78,192,Easy,135,55.96,396717
98,1,97,104,Medium,196,66.34,304045
15,97,29,297,Medium,141,61.6,347365
6,71,14,152,Easy,91,38.55,555357
18,79,16,186,Easy,113,42.68,517219
64,90,32,102,Hard,186,70.46,267829
18,36,21,278,Hard,75,42.56,514154
14,18,8,206,Medium,40,24.37,680239
72,63,7,196,Medium,142,53.43,416346
69,69,14,217,Easy,152,62.64,338763
57,85,14,223,Hard,156,63.51,330394
83,20,66,159,Easy,169,66.26,302826
5,37,77,176,Medium,119,48.0,467522
40,69,11,199,Hard,120,56.15,396970
9,68,74,170,Easy,151,51.87,435752
0,46,91,244,Easy,137,58.02,379941
14,84,10,116,Easy,108,34.59,586780
4,64,34,199,Hard,102,50.37,443991
80,12,15,276,Easy,107,41.78,526100
7,69,52,178,Hard,128,56.4,394965
61,1,87,77,Medium,149,52.25,430368
29,84,8,241,Medium,121,55.84,397351
25,53,60,107,Medium,138,51.64,434459
31,48,94,298,Medium,173,74.36,230305
65,78,27,226,Medium,170,64.31,321359
46,25,52,129,Medium,123,51.96,434769
31,18,3,193,Medium,52,27.35,651095
75,58,24,284,Medium,157,70.15,269885
36,44,56,113,Easy,136,46.64,483203
80,63,7,208,Medium,150,64.86,315459
92,63,70,65,Easy,225,70.93,264158
2,52,99,226,Easy,153,60.17,359368
17,24,24,200,Medium,65,34.16,591708
39,68,58,263,Easy,165,68.31,283520
4,82,65,76,Medium,151,49.62,452751
86,87,21,122,Easy,194,63.1,334915
79,99,99,70,Medium,277,91.86,76143
43,26,99,57,Easy,168,57.93,379179
37,84,69,211,Hard,190,77.12,206026
97,77,80,281,Hard,254,99.76,739
92,0,77,262,Easy,169,62.51,335726
62,50,52,292,Easy,164,66.52,302413
45,61,4,220,Easy,110,46.18,483389
81,48,36,101,Medium,165,62.12,341194
85,50,11,248,Easy,146,58.42,376199
13,53,38,192,Medium,104,42.7,514141
98,7,80,97,Easy,185,65.56,312483
40,97,82,134,Medium,219,75.08,226941
96,34,7,86,Hard,137,50.54,444797
12,26,39,272,Medium,77,43.2,510001
46,60,0,128,Medium,106,37.38,564154
98,92,78,96,Easy,268,91.16,77931
4,22,60,209,Hard,86,45.92,487240
21,13,97,147,Medium,131,47.7,470043
13,14,64,219,Medium,91,39.59,543111
20,16,62,246,Medium,98,44.92,493486
33,54,25,221,Easy,112,47.57,469357
63,34,89,296,Easy,186,73.9,236452
54,67,94,74,Medium,215,72.72,245491
88,65,18,96,Hard,171,67.34,294862
63,52,60,82,Hard,175,66.18,302803
30,14,78,95,Easy,122,42.9,513603
6,9,21,249,Easy,36,18.08,734991
60,81,7,253,Medium,148,58.83,371655
7,14,71,138,Hard,92,41.87,520422
96,15,64,221,Easy,175,65.74,309448
13,52,68,171,Medium,133,48.47,466641
50,83,3,105,Hard,136,50.55,445609
50,61,86,54,Hard,197,69.38,275651
37,71,44,234,Medium,152,66.58,300494
70,60,66,142,Medium,196,72.58,248591
64,56,77,221,Easy,197,70.97,259410
57,5,70,122,Easy,132,49.6,451430
39,68,0,202,Easy,107,41.63,523943
5,100,76,197,Hard,181,78.18,196881
19,27,1,93,Medium,47,17.01,748878
31,67,71,279,Medium,169,70.38,265946
27,44,38,103,Easy,109,41.85,524249
69,31,34,58,Hard,134,56.41,391087
64,79,22,273,Medium,165,68.7,283587
68,4,11,83,Hard,83,34.31,593134
7,6,98,73,Easy,111,41.86,525595
93,34,40,57,Medium,167,57.57,379495
64,28,26,228,Easy,118,51.55,438871
65,9,50,277,Easy,124,53.01,424023
55,70,56,197,Easy,181,70.86,263074
59,91,79,297,Easy,229,84.15,140995
18,46,47,209,Medium,111,46.44,481634
29,95,98,80,Hard,222,77.69,203287
81,29,83,263,Easy,193,79.45,186389
41,56,64,50,Easy,161,56.02,394586
53,4,38,129,Hard,95,42.99,513590
50,36,25,188,Easy,111,44.5,500840
56,32,68,118,Hard,156,57.2,384791
86,22,75,156,Easy,183,61.0,348630
17,54,8,255,Hard,79,47.22,476637
38,31,48,69,Hard,117,46.94,475308
33,81,85,89,Medium,199,74.39,233004
90,56,46,282,Medium,192,74.12,234804
19,5,43,277,Hard,67,37.01,566393
85,60,0,136,Medium,145,52.86,424774
27,9,29,111,Hard,65,33.76,597632
28,74,36,293,Easy,138,57.26,385066
34,35,98,183,Hard,167,66.86,297388
29,97,12,295,Hard,138,63.35,329707
32,20,22,63,Easy,74,21.47,707034
69,56,98,122,Easy,223,72.69,243785
38,88,60,215,Easy,186,67.71,288432
28,91,63,260,Easy,182,73.13,240998
99,18,46,193,Medium,163,67.72,290331
17,13,45,256,Easy,75,32.5,608627
47,50,38,239,Easy,135,55.88,398996
54,59,67,278,Easy,180,67.74,289393
69,44,61,207,Medium,174,64.43,320776
1,35,15,109,Easy,51,19.84,722024
40,64,85,277,Easy,189,77.03,205757
81,12,51,165,Medium,144,56.01,394161
95,84,36,249,Medium,215,80.38,177038
23,19,63,199,Easy,105,45.4,489657
72,62,97,117,Easy,231,79.76,181755
18,73,27,221,Hard,118,57.9,376084
82,62,4,111,Medium,148,50.09,446212
56,31,89,291,Easy,176,70.49,264723
93,78,80,235,Easy,251,91.88,72700
6,13,88,119,Medium,107,43.68,504810
65,25,96,70,Medium,186,63.59,325871
74,53,28,256,Easy,155,60.66,353534
13,91,9,127,Hard,113,50.53,443585
87,15,36,78,Medium,138,51.6,434228
70,26,71,110,Hard,167,61.67,345723
21,31,4,60,Hard,56,29.56,636486
6,91,33,243,Medium,130,53.34,419748
42,63,0,296,Easy,105,49.5,451760
87,70,15,264,Easy,172,65.29,315330
18,57,65,176,Easy,140,48.49,465747
89,94,74,288,Medium,257,100.0,1527
36,36,43,159,Easy,115,38.5,554884
77,68,72,70,Medium,217,75.28,219899
22,56,67,53,Medium,145,51.67,432254
2,50,14,152,Easy,66,24.8,676468
43,11,79,69,Easy,133,45.37,491712
87,31,11,94,Hard,129,49.76,451989
16,31,44,64,Medium,91,37.31,565730
99,63,7,243,Hard,169,73.78,233151
92,6,55,216,Medium,153,61.25,350737
50,70,21,110,Easy,141,52.12,429053
76,95,3,59,Easy,174,55.55,399535
70,82,25,218,Hard,177,73.93,232872
48,90,11,130,Hard,149,58.3,375234
38,82,54,220,Hard,174,76.85,207034
98,35,51,289,Medium,184,73.29,239087
84,64,7,226,Easy,155,62.55,334845
66,30,6,268,Easy,102,49.27,454844
1,72,87,103,Medium,160,58.12,378688
10,88,98,94,Hard,196,70.5,267017
92,29,11,185,Easy,132,54.45,408314
71,40,57,78,Medium,168,61.87,346068
30,54,47,261,Medium,131,55.67,397681
7,7,42,146,Easy,56,22.65,694658
71,41,50,83,Easy,162,50.56,447745
74,64,92,214,Easy,230,86.76,117543
86,20,36,108,Easy,142,51.41,440050
6,11,63,186,Easy,80,34.25,591951
42,72,7,55,Hard,121,44.13,503407
34,5,31,273,Medium,70,41.11,532083
27,72,66,93,Medium,165,58.08,380254
17,12,75,136,Hard,104,47.73,472662
2,15,6,184,Hard,23,18.18,736468
73,60,19,75,Easy,152,46.75,477375
48,89,89,290,Medium,226,87.51,111417
61,83,68,286,Hard,212,89.86,90536
12,35,78,265,Medium,125,53.48,420231
73,95,79,250,Medium,247,90.23,90069
71,1,81,146,Hard,153,65.75,305583
13,90,63,297,Easy,166,71.43,257961
72,53,31,249,Medium,156,60.38,353918
19,85,31,104,Easy,135,48.15,464573
58,19,82,264,Hard,159,71.56,253868
62,7,33,82,Easy,102,34.44,590529
37,83,44,299,Hard,164,77.73,199640
89,65,99,291,Medium,253,94.3,54103
5,81,67,61,Easy,153,47.24,472028
16,60,49,83,Easy,125,42.02,524008
18,41,51,160,Easy,110,45.98,487892
14,17,30,51,Easy,61,18.71,734367
82,34,69,82,Easy,185,65.09,317031
1,85,50,239,Medium,136,54.8,404141
34,28,27,148,Easy,89,30.69,624006
40,1,57,171,Hard,98,43.16,512759
53,96,96,192,Medium,245,95.92,35106
95,12,50,197,Hard,157,63.77,325947
56,85,91,158,Hard,232,94.12,54993
90,32,27,148,Hard,149,58.12,375856
13,85,53,116,Easy,151,57.06,389067
79,68,48,258,Medium,195,77.29,204594
68,85,30,253,Easy,183,74.11,234560
87,71,46,294,Easy,204,79.04,188529
19,29,91,162,Hard,139,61.81,346512
77,52,70,183,Easy,199,73.25,241482
26,100,9,53,Easy,135,41.28,529129
3,92,18,170,Hard,113,53.39,418057
14,76,24,283,Hard,114,51.39,439756
47,85,13,186,Medium,145,61.29,346330
22,35,6,269,Easy,63,30.97,623785
92,4,3,271,Hard,99,54.0,413901
45,10,35,122,Hard,90,39.51,541767
89,69,85,74,Easy,243,83.1,154605
78,31,66,190,Easy,175,60.65,355980
99,62,82,300,Hard,243,100.0,1149
6,24,22,173,Hard,52,29.2,637649
8,9,65,100,Hard,82,41.31,526340
48,35,32,219,Hard,115,53.5,416900
27,96,25,220,Medium,148,61.19,349222
31,96,47,93,Medium,174,62.17,341097
68,45,13,217,Easy,126,45.27,491068
79,65,47,248,Easy,191,68.32,282646
53,31,46,263,Medium,130,54.78,406607
9,96,93,210,Medium,198,72.03,253100
79,6,37,272,Easy,122,54.99,403980
3,63,23,182,Hard,89,42.74,516612
25,48,77,156,Hard,150,65.84,307785
92,87,100,164,Easy,279,93.74,53343
66,90,73,200,Medium,229,83.87,144256
86,62,71,126,Easy,219,79.46,183594
76,0,64,86,Hard,140,53.47,420151
18,16,93,216,Medium,127,55.15,401115
75,87,22,149,Easy,184,68.72,280515
45,3,52,138,Hard,100,44.6,496567
90,1,0,77,Medium,91,29.77,634813
15,4,98,111,Hard,117,47.3,473790
56,56,4,167,Medium,116,45.03,495335
54,43,84,182,Hard,181,68.74,280247
9,76,96,161,Easy,181,70.34,266525
56,98,31,289,Hard,185,84.58,137263
74,99,93,246,Medium,266,100.0,1
19,46,26,290,Medium,91,41.29,529032
26,20,44,217,Hard,90,43.16,512969
15,38,54,257,Hard,107,51.31,438425
96,2,68,63,Easy,166,57.89,376326
75,2,98,160,Medium,175,69.0,280664
97,40,61,204,Medium,198,78.54,195312
76,81,28,225,Medium,185,68.85,282042
46,13,97,266,Hard,156,71.17,261891
1,80,68,186,Hard,149,61.81,344770
77,7,27,299,Medium,111,51.79,433785
5,93,30,105,Medium,128,47.02,474530
66,46,21,229,Medium,133,56.04,392801
69,70,1,130,Hard,140,59.36,366692
100,26,1,59,Medium,127,44.82,494231
33,85,22,258,Hard,140,64.38,322082
14,87,72,92,Hard,173,65.41,313658
3,20,86,245,Easy,109,40.96,533747
79,34,64,261,Easy,177,72.4,249391
50,71,79,68,Medium,200,68.1,287590
92,88,9,190,Easy,189,64.95,316175
43,86,56,200,Medium,185,74.05,230914
99,60,50,130,Hard,209,75.84,215459
2,62,2,102,Easy,66,26.7,661819
87,21,23,255,Hard,131,64.29,320586
14,35,81,194,Hard,130,59.9,361476
36,95,18,236,Easy,149,63.25,329457
4,100,83,219,Hard,187,73.76,233293
17,38,61,216,Medium,116,45.04,493560
35,60,52,135,Medium,147,59.89,359990
72,15,44,295,Easy,131,50.73,441686
32,79,64,165,Hard,175,70.89,263483
70,76,45,88,Hard,191,71.35,258386
84,87,9,58,Hard,180,61.94,340453
100,0,57,281,Easy,157,65.56,309041
31,12,13,87,Medium,56,27.35,656188
41,53,21,250,Easy,115,43.07,510173
96,47,85,186,Hard,228,91.78,72108
97,54,57,292,Easy,208,83.75,145606
3,4,16,296,Hard,23,22.68,695862
72,42,58,225,Easy,172,68.39,285905
52,0,15,165,Easy,67,27.84,646633
51,26,78,191,Hard,155,67.01,299300
18,11,45,286,Hard,74,38.66,554129
87,40,97,188,Medium,224,81.36,169598
65,22,69,160,Medium,156,58.39,376525
79,85,20,150,Hard,184,76.79,209902
13,83,85,229,Hard,181,76.07,214071
59,23,79,294,Easy,161,66.86,298364
12,81,74,134,Medium,167,67.03,296037
47,79,61,248,Medium,187,71.5,257989
75,49,42,62,Medium,166,56.24,396317
43,98,54,188,Hard,195,78.55,191311
6,46,0,198,Hard,52,26.37,659917
49,40,69,170,Hard,158,67.36,292120
44,1,57,261,Hard,102,47.76,471575
70,62,15,137,Hard,147,56.47,393121
15,47,46,222,Easy,108,41.66,525402
26,12,54,106,Easy,92,36.57,572009
55,9,13,194,Medium,77,39.15,547393
5,14,72,230,Medium,91,42.25,520610
20,75,34,145,Hard,129,52.21,429151
68,0,15,185,Medium,83,40.25,539873
95,97,33,119,Easy,225,75.56,217456
64,67,82,152,Hard,213,82.8,156743
36,30,84,69,Easy,150,52.7,424056
76,2,73,51,Medium,151,48.88,457543
27,95,11,71,Medium,133,48.47,463693
92,45,75,192,Easy,212,78.64,195139
54,41,36,240,Medium,131,52.7,426556
24,35,49,259,Medium,108,46.75,480608
88,63,89,83,Easy,240,85.37,132925
71,18,53,281,Hard,142,66.72,301422
21,63,73,190,Hard,157,61.34,347544
83,79,29,284,Hard,191,78.04,194917
12,65,0,295,Medium,77,42.93,513494
49,61,13,216,Easy,123,48.36,465226
15,73,0,143,Easy,88,37.76,561176
7,43,0,141,Easy,50,25.38,669947
69,11,98,65,Easy,178,63.4,329809
64,96,73,148,Easy,233,86.75,121990
41,44,70,244,Medium,155,60.53,356489
33,10,4,283,Hard,47,30.9,622420
77,2,79,143,Medium,158,57.49,383448
71,59,64,181,Easy,194,74.32,232393
10,13,76,78,Easy,99,30.45,626139
17,12,98,223,Hard,127,56.34,392952
80,16,70,289,Medium,166,69.42,276478
99,83,51,293,Easy,233,88.53,100719
7,53,75,107,Medium,135,50.11,447582
65,87,34,218,Hard,186,81.66,167179
99,49,24,242,Hard,172,77.66,199290
89,93,51,185,Medium,233,86.73,119280
65,57,98,232,Easy,220,81.08,171665
43,16,83,176,Hard,142,61.04,353435
37,9,43,211,Medium,89,36.48,572339
100,66,28,258,Easy,194,70.54,262621
100,36,46,139,Easy,182,64.48,319404
42,96,74,51,Easy,212,71.79,252500
45,74,84,198,Hard,203,85.36,133875
26,22,61,265,Medium,109,51.77,434807
37,15,11,59,Hard,63,24.98,672315
65,59,76,51,Hard,200,69.62,273352
38,3,81,67,Medium,122,45.61,486585
64,7,90,210,Easy,161,64.2,324760
22,9,48,184,Easy,79,31.12,622872
30,100,88,262,Hard,218,88.84,99852
15,70,52,103,Medium,137,48.51,464750
36,99,6,156,Hard,141,62.89,334635
46,4,13,215,Easy,63,24.21,681514
97,78,62,288,Hard,237,100.0,1
27,43,96,250,Hard,166,73.89,235526
35,40,44,270,Easy,119,51.42,439750
33,6,40,184,Easy,79,33.51,600121
55,14,85,107,Easy,154,55.6,399157
64,99,76,165,Easy,239,89.18,97385
9,8,72,189,Hard,89,38.92,551193
88,82,33,248,Hard,203,87.37,114846
79,97,71,149,Easy,247,84.25,140133
8,45,25,119,Hard,78,37.23,565840
56,46,26,100,Medium,128,51.07,439301
30,51,2,264,Easy,83,32.96,601143
27,6,56,141,Medium,89,41.37,527037
70,75,91,88,Hard,236,85.62,128062
63,34,46,235,Easy,143,52.81,423784
32,93,93,291,Easy,218,79.54,181811
41,17,29,147,Hard,87,38.18,553661
69,96,100,73,Medium,265,94.25,49156
90,38,44,165,Hard,172,69.92,270785
14,85,7,135,Medium,106,37.24,564290
17,80,97,261,Hard,194,81.46,169040
86,36,6,225,Medium,128,50.41,443776
64,50,3,275,Medium,117,55.15,405492
42,41,48,55,Hard,131,55.19,404794
66,92,20,125,Medium,178,69.47,274556
81,8,83,287,Easy,172,68.25,283601
16,33,69,188,Hard,118,54.72,406441
10,46,41,233,Easy,97,39.8,543820
78,2,24,236,Easy,104,47.94,467857
21,61,34,52,Medium,116,39.2,548668
61,81,49,109,Easy,191,62.7,334322
92,29,14,85,Easy,135,49.73,451089
3,8,77,224,Medium,88,38.35,552215
50,80,26,214,Medium,156,67.09,294855
46,85,4,65,Easy,135,45.19,491234
53,25,36,108,Hard,114,43.37,511070
91,96,32,79,Medium,219,73.57,235109
91,5,47,260,Easy,143,61.67,342179
26,34,33,220,Hard,93,45.45,493576
64,36,5,74,Medium,105,43.45,511523
72,93,82,255,Hard,247,100.0,1
45,45,27,182,Medium,117,52.2,429964
1,97,36,114,Easy,134,49.68,454270
85,48,96,78,Medium,229,84.24,143378
37,62,30,93,Hard,129,56.46,393384
84,98,29,270,Hard,211,83.41,150932
45,1,68,267,Hard,114,55.15,406391
72,94,4,116,Hard,170,64.5,319766
49,27,96,97,Medium,172,65.28,314151
81,53,51,214,Easy,185,74.01,233525
94,59,51,54,Medium,204,75.4,221941
93,84,45,201,Easy,222,81.32,168906
78,16,50,103,Hard,144,53.13,419283
77,81,73,297,Easy,231,91.86,73528
39,16,90,175,Medium,145,57.04,388503
89,24,8,151,Hard,121,50.41,447542
15,50,13,259,Medium,78,34.74,587043
66,17,44,68,Medium,127,49.22,454163
82,16,86,83,Hard,184,70.46,263333
36,28,22,204,Hard,86,39.91,538052
38,25,87,159,Medium,150,56.85,386984
22,77,43,128,Medium,142,50.64,446306
48,83,33,69,Hard,164,61.05,351051
72,22,90,193,Hard,184,78.6,194569
13,19,25,199,Medium,57,27.66,652853
99,58,21,276,Easy,178,69.71,273908
95,70,52,139,Easy,217,74.48,232045
34,59,17,230,Hard,110,47.37,471371
47,57,27,101,Hard,131,55.11,406628
52,62,1,210,Medium,115,48.61,462760
30,22,50,68,Easy,102,36.4,571416
53,77,64,153,Easy,194,67.88,288078
2,52,2,224,Hard,56,34.58,587961
22,85,23,129,Hard,130,52.27,431882
61,64,64,288,Medium,189,81.5,166705
71,58,9,268,Hard,138,63.09,330506
70,33,20,163,Hard,123,55.47,399067
29,64,89,93,Medium,182,61.2,351623
84,4,13,151,Medium,101,42.45,517140
65,73,14,265,Hard,152,70.98,259658
16,11,45,218,Hard,72,42.77,514214
95,10,25,269,Medium,130,60.49,354770
7,13,86,218,Medium,106,50.11,450990
83,81,19,149,Medium,183,68.3,283921
71,65,44,279,Medium,180,71.01,262454
3,81,98,285,Easy,182,71.61,254554
61,47,47,198,Hard,155,61.76,345646
98,10,5,206,Medium,113,46.04,483565
46,12,16,257,Easy,74,31.58,612876
8,68,26,133,Medium,102,43.24,510846
88,69,44,272,Easy,201,81.09,169784
67,48,46,200,Hard,161,71.29,255546
38,40,68,136,Medium,146,59.96,361526
95,10,89,214,Medium,194,78.48,195213
30,79,1,55,Medium,110,38.78,552002
98,20,82,79,Easy,200,64.17,324327
57,1,79,229,Easy,137,58.33,376906
58,85,33,198,Hard,176,73.6,237454
100,35,83,231,Medium,218,88.36,104048
19,72,37,205,Medium,128,50.48,444978
47,37,71,205,Hard,155,65.19,310564
61,86,25,199,Medium,172,70.82,263777
71,67,65,138,Hard,203,82.06,163495
72,95,62,258,Easy,229,88.28,104758
77,79,31,282,Medium,187,80.48,174013
71,7,14,235,Medium,92,43.46,510768
89,32,59,120,Medium,180,65.0,312661
31,9,25,134,Medium,65,30.48,627924
43,52,10,146,Medium,105,41.19,527297
93,99,39,228,Easy,231,82.41,160031
63,57,16,202,Hard,136,61.83,345683
57,37,23,160,Medium,117,46.67,478221
88,75,55,218,Medium,218,85.57,131733
43,56,80,162,Easy,179,64.42,320193
78,33,90,270,Hard,201,86.27,123512
26,28,86,135,Medium,140,58.13,378040
92,75,96,54,Easy,263,85.26,131425
79,33,48,65,Easy,160,53.76,415195
37,62,46,64,Hard,145,59.2,369948
59,44,5,190,Easy,108,45.51,491664
3,32,41,173,Hard,76,39.01,549212
55,74,33,54,Easy,162,53.51,420308
0,75,25,122,Easy,100,41.13,529997
57,92,20,217,Hard,169,70.09,269820
10,81,71,109,Hard,162,61.02,352110
11,24,12,55,Medium,47,17.49,745407
93,67,3,89,Hard,163,66.72,301191
69,2,38,270,Easy,109,44.13,503305
71,36,79,85,Easy,186,63.49,329074
18,17,62,274,Easy,97,40.69,531557
48,87,29,167,Hard,164,66.44,301437
12,73,48,255,Hard,133,63.01,333602
55,2,54,101,Hard,111,41.98,525036
30,54,9,152,Hard,93,44.46,499301
49,66,44,171,Medium,159,62.69,336954
58,30,52,290,Hard,140,66.91,298143
29,100,16,55,Easy,145,49.27,457081
54,21,63,112,Easy,138,44.76,494817
64,65,85,138,Medium,214,75.37,223823
87,97,93,169,Hard,277,100.0,1
96,62,98,166,Hard,256,94.65,46210
10,69,33,57,Medium,112,44.53,496468
73,39,79,84,Easy,191,65.31,309894
40,51,61,167,Hard,152,64.99,315849
53,25,44,102,Easy,122,46.63,481747
84,49,57,191,Hard,190,73.06,244817
7,13,34,154,Hard,54,28.14,645781
0,98,36,260,Medium,134,58.01,377150
32,44,96,121,Hard,172,71.82,255464
71,88,44,100,Medium,203,74.03,232444
18,85,21,153,Hard,124,50.31,449962
11,9,63,99,Easy,83,29.97,630794
13,81,51,153,Medium,145,59.21,369355
69,69,85,272,Hard,223,96.49,33902
10,79,26,160,Medium,115,42.76,513277
30,83,12,186,Hard,125,56.57,389528
55,71,29,50,Easy,155,55.37,398751
77,83,58,201,Medium,218,80.86,172769
97,92,30,132,Hard,219,85.61,129392
100,34,56,290,Medium,190,78.29,196007
4,72,81,158,Medium,157,55.6,400617
62,90,74,55,Hard,226,87.05,113856
40,54,75,231,Medium,169,71.34,257701
24,51,60,157,Medium,135,51.09,441834
77,32,77,168,Hard,186,74.95,225276
56,31,44,213,Hard,131,55.68,399566
5,33,58,271,Medium,96,41.66,522857
24,18,96,156,Medium,138,53.71,416951
18,17,36,298,Medium,71,38.42,556431
44,53,44,120,Easy,141,47.93,469408
15,97,60,141,Easy,172,57.36,383600
44,96,45,214,Hard,185,76.84,211193
10,54,95,82,Hard,159,63.36,329399
84,35,22,74,Easy,141,51.91,430284
89,67,81,280,Easy,237,85.16,130964
13,0,57,129,Easy,70,22.73,694612
70,23,99,237,Easy,192,71.65,255310
39,86,53,205,Hard,178,75.36,223867
8,99,70,190,Hard,177,76.39,211807
28,65,68,236,Hard,161,72.5,245627
99,67,96,186,Medium,262,97.89,20657
69,42,37,285,Easy,148,56.03,396539
43,70,9,124,Hard,122,52.06,434059
62,44,66,79,Medium,172,64.56,318486
59,67,20,84,Hard,146,58.13,379215
97,62,6,59,Hard,165,59.15,366889
78,13,55,250,Hard,146,66.8,301009
87,92,6,130,Medium,185,66.97,299505
14,87,2,224,Easy,103,43.68,509512
99,3,67,75,Easy,169,56.24,393476
67,6,10,292,Hard,83,42.08,519290
64,12,78,257,Medium,154,61.85,340781
21,72,83,248,Hard,176,75.69,217737
21,10,92,281,Medium,123,57.73,378225
97,71,23,140,Hard,191,76.82,208142
85,57,70,98,Hard,212,81.58,164275
20,68,23,300,Medium,111,47.9,469324
73,76,50,125,Medium,199,76.54,213504
90,65,99,109,Hard,254,93.64,59934
24,100,72,264,Easy,196,76.0,215455
42,61,86,198,Medium,189,74.88,224539
80,24,94,160,Medium,198,78.53,193895
70,70,82,233,Medium,222,81.13,171170
42,95,9,271,Easy,146,56.62,391811
55,39,25,191,Hard,119,49.07,457311
9,11,10,266,Medium,30,21.05,708088
4,0,45,255,Easy,49,31.02,619652
53,58,61,286,Medium,172,73.48,241694
49,67,81,191,Medium,197,78.91,188457
67,90,62,106,Easy,219,78.26,193275
99,98,3,296,Easy,200,79.55,186499
82,39,96,298,Hard,217,91.26,78626
12,66,52,150,Hard,130,57.04,383901
96,37,31,231,Medium,164,67.2,292945
20,26,35,160,Hard,81,42.78,516379
43,93,63,136,Easy,199,74.13,235423
4,33,40,133,Medium,77,36.35,570016
14,19,56,102,Easy,89,29.73,631000
7,53,64,283,Easy,124,52.56,427826
41,42,40,65,Medium,123,47.62,468609
82,48,76,78,Medium,206,72.8,246360
51,5,26,190,Hard,82,42.39,520904
76,57,90,62,Medium,223,73.76,233230
85,55,97,262,Medium,237,92.08,72507
38,95,48,117,Hard,181,70.97,263736
58,55,51,85,Hard,164,66.33,303128
71,43,46,214,Medium,160,68.97,281489
71,82,40,187,Easy,193,66.14,304507
11,14,42,51,Easy,67,17.71,739935
25,16,46,257,Hard,87,47.78,469317
3,5,92,300,Medium,100,50.79,443424
21,19,11,64,Easy,51,20.82,713310
19,36,6,163,Medium,61,31.78,612203
93,91,13,239,Hard,197,82.91,153435
0,48,27,186,Easy,75,28.48,643080
84,19,47,114,Easy,150,48.03,470155
20,61,55,257,Medium,136,60.59,352873
21,5,75,175,Medium,101,39.43,543938
31,84,60,227,Easy,175,64.22,320188
35,65,81,62,Hard,181,68.03,289546
80,37,94,300,Medium,211,81.06,171688
60,38,61,187,Medium,159,58.63,375092
87,13,76,50,Medium,176,61.08,348182
7,88,47,169,Easy,142,53.94,415192
30,23,16,193,Easy,69,29.58,632859
65,70,14,264,Hard,149,64.51,321770
34,72,83,158,Easy,189,64.19,321798
15,53,21,259,Easy,89,44.18,504026
95,65,15,211,Medium,175,72.9,246128
45,42,97,137,Easy,184,65.5,312799
70,11,70,284,Hard,151,70.33,268459
97,54,3,291,Hard,154,74.36,228377
33,2,40,188,Medium,75,34.54,591470
69,76,31,288,Medium,176,75.5,221415
99,85,43,227,Easy,227,84.99,135652
54,21,19,131,Medium,94,42.67,515804
44,100,82,184,Hard,226,85.07,132327
47,68,52,105,Hard,167,69.66,274418
90,89,93,94,Medium,272,91.31,79300
97,20,31,255,Hard,148,69.22,279980
52,57,10,238,Hard,119,57.98,375605
17,48,44,128,Hard,109,43.16,511656
75,3,82,285,Easy,160,69.56,274161
15,53,86,222,Hard,154,65.83,304608
43,79,91,52,Easy,213,74.67,228638
54,34,49,192,Medium,137,54.91,405535
58,59,44,73,Hard,161,60.12,357679
21,34,40,248,Hard,95,52.62,427333
80,8,30,160,Hard,118,48.95,459395
2,39,14,227,Medium,55,29.31,633840
68,55,17,289,Hard,140,64.23,321062
73,67,81,158,Hard,221,88.64,102942
86,38,37,297,Hard,161,71.81,254677
17,100,20,291,Medium,137,59.96,360844
29,5,65,171,Medium,99,41.74,526623
49,7,9,166,Medium,65,33.44,600698
38,77,16,144,Medium,131,48.94,458675
27,55,38,298,Medium,120,58.68,371187
69,6,22,175,Medium,97,38.08,558302
9,94,85,104,Easy,188,69.47,273594
66,91,80,159,Easy,237,86.94,116332
83,46,41,125,Easy,170,63.23,330391
97,24,56,89,Easy,177,61.67,344254
18,61,70,193,Easy,149,56.9,389626
80,97,49,212,Medium,226,83.93,144326
81,56,96,252,Easy,233,85.95,129137
28,25,13,259,Hard,66,36.44,574950
33,61,85,59,Easy,179,55.77,395658
59,52,99,145,Medium,210,78.03,196413
19,71,18,129,Hard,108,43.46,507988
41,97,4,225,Medium,142,61.61,348370
32,7,46,183,Medium,85,40.7,531739
26,1,97,191,Easy,124,42.99,511966
52,40,1,173,Easy,93,37.87,561222
76,44,47,187,Easy,167,64.19,324230
7,81,33,280,Medium,121,51.95,434198
2,64,3,261,Easy,69,37.04,564877
16,94,22,209,Hard,132,53.5,417658
72,61,39,203,Medium,172,67.45,292990
92,10,75,227,Hard,177,69.94,269453
30,72,81,79,Medium,183,61.78,342523
61,97,14,291,Medium,172,69.61,272061
91,40,60,207,Easy,191,70.43,264604
47,32,59,156,Hard,138,55.05,403604
43,26,90,204,Easy,159,58.49,374629
42,15,42,258,Medium,99,50.16,447736
75,60,44,77,Hard,179,64.0,325226
20,24,66,86,Hard,110,40.87,532859
37,10,42,72,Hard,89,38.65,551417
41,44,44,250,Easy,129,51.11,438756
6,69,12,269,Easy,87,40.8,533502
61,30,12,50,Medium,103,36.06,575598
90,93,69,160,Easy,252,84.03,145460
1,83,80,182,Easy,164,63.28,330784
100,2,73,173,Hard,175,66.76,296474
34,63,32,239,Hard,129,59.65,365951
75,67,15,148,Hard,157,59.25,368351
17,55,73,157,Medium,145,54.7,410092
51,66,34,124,Medium,151,52.98,421302
67,59,0,156,Medium,126,49.74,453437
64,27,71,213,Medium,162,67.53,291156
88,91,57,249,Easy,236,84.31,142786
96,43,65,288,Easy,204,84.39,143138
85,6,10,193,Medium,101,46.99,478393
74,3,50,88,Hard,127,49.65,454436
38,82,74,76,Medium,194,66.05,303603
20,52,57,217,Easy,129,45.85,487694
21,7,11,159,Medium,39,16.44,751699
79,85,90,148,Easy,254,86.61,122950
41,40,51,162,Medium,132,51.7,432398
67,51,0,287,Medium,118,50.98,441717
2,94,28,64,Easy,124,42.14,518969
65,49,45,259,Medium,159,68.26,288655
23,90,51,195,Medium,164,61.31,347460
5,8,20,108,Medium,33,15.76,760605
48,98,73,165,Medium,219,81.73,163203
100,72,83,151,Medium,255,89.38,93154
81,63,60,136,Easy,204,67.56,293764
36,59,94,106,Hard,189,71.38,257563
28,90,93,177,Medium,211,83.78,146318
16,92,11,205,Easy,119,44.47,499582
70,88,7,263,Medium,165,67.82,290211
92,46,63,195,Medium,201,77.0,207935
75,83,16,293,Easy,174,69.93,271344
4,93,89,179,Easy,186,63.71,327281
79,20,60,160,Medium,159,56.29,390851
7,8,79,278,Medium,94,45.33,491775
15,12,37,77,Medium,64,21.85,702028
8,56,17,132,Hard,81,35.42,580987
91,9,78,245,Hard,178,76.48,209620
59,91,96,187,Medium,246,89.45,92845
46,32,56,62,Hard,134,55.41,402343
39,1,25,192,Easy,65,24.72,677911
93,52,31,184,Easy,176,62.94,335173
28,76,68,252,Hard,172,71.4,258909
36,23,94,124,Hard,153,58.24,376829
44,11,17,54,Hard,72,32.76,603352
15,15,37,135,Easy,67,29.32,633159
40,75,24,118,Hard,139,55.17,402499
68,25,45,204,Easy,138,56.2,394518
85,20,20,202,Easy,125,50.41,447448
64,47,35,245,Hard,146,65.43,309541
82,15,26,264,Medium,123,57.74,382687
0,27,45,225,Easy,72,29.12,635462
59,63,98,289,Hard,220,89.61,92385
100,23,1,159,Hard,124,54.74,407381
64,71,66,260,Medium,201,84.51,138738
17,34,19,164,Medium,70,34.25,589213
33,86,63,222,Medium,182,75.21,222035
53,43,4,54,Hard,100,35.32,580219
6,26,45,51,Medium,77,28.6,641595
24,32,47,261,Easy,103,47.19,476078
8,52,72,242,Medium,132,51.61,434714
32,8,4,249,Medium,44,28.02,648101
40,50,89,171,Hard,179,73.1,239872
47,62,14,298,Medium,123,54.14,414334
58,49,70,88,Easy,177,64.98,317049
46,42,68,133,Easy,156,52.18,432472
98,46,70,292,Medium,214,90.51,88036
2,50,71,96,Hard,123,45.8,488309
47,41,9,76,Medium,97,33.68,593962
31,74,33,271,Easy,138,55.1,404388
50,86,16,50,Hard,152,59.82,358593
17,87,34,152,Easy,138,52.78,422041
68,31,43,134,Medium,142,58.06,374913
92,78,87,130,Easy,257,87.56,110496
50,3,74,221,Medium,127,55.16,402680
90,10,42,79,Hard,142,59.16,370421
41,99,82,205,Medium,222,85.39,132804
99,84,38,248,Medium,221,88.2,106299
33,30,23,71,Hard,86,38.4,553174
36,62,65,198,Easy,163,65.24,310871
4,91,75,198,Medium,170,63.18,331929
20,76,72,60,Easy,168,56.51,393366
99,56,6,92,Hard,161,59.14,367960
28,72,53,267,Easy,153,60.81,352239
0,71,7,151,Easy,78,29.61,634517
6,33,41,156,Hard,80,41.61,526680
15,89,76,123,Easy,180,62.01,342380
63,100,51,81,Easy,214,72.68,244365
52,66,58,243,Medium,176,74.68,225432
33,26,85,93,Easy,144,50.21,446850
95,54,42,248,Medium,191,80.88,173298
29,100,39,88,Hard,168,61.38,350546
59,97,62,137,Medium,218,80.99,173486
97,93,23,263,Easy,213,76.38,214053
11,23,15,272,Hard,49,31.05,617550
69,96,66,215,Easy,231,86.68,117716
90,51,61,137,Medium,202,71.89,255254
5,2,59,226,Medium,66,31.07,622305
38,72,71,198,Hard,181,75.18,225731
34,28,67,186,Hard,129,60.04,362439
98,75,38,206,Medium,211,83.48,150689
73,37,94,131,Medium,204,76.73,211997
29,26,45,87,Medium,100,39.79,540816
20,39,7,136,Medium,66,27.46,652670
34,15,56,50,Medium,105,37.63,559824
91,85,44,124,Hard,220,88.51,103490
19,42,26,85,Easy,87,25.31,670183
40,95,88,93,Easy,223,71.06,259329
21,88,3,176,Medium,112,48.34,467968
31,22,95,168,Medium,148,59.36,364997
27,15,41,167,Medium,83,33.5,598789
46,89,72,58,Hard,207,71.84,254507
51,83,28,152,Hard,162,69.14,277700
71,74,74,229,Medium,219,81.85,165971
32,30,93,277,Easy,155,63.98,325446
57,77,100,82,Easy,234,80.18,179550
86,14,97,156,Hard,197,76.77,211524
6,80,88,275,Easy,174,67.13,293503
89,71,55,159,Easy,215,75.44,221444
10,37,45,190,Medium,92,38.4,551707
78,99,11,181,Medium,188,66.75,298470
13,89,72,117,Medium,174,62.59,337413
31,30,42,211,Medium,103,49.74,453746
90,45,50,193,Hard,185,74.52,231554
8,69,72,236,Medium,149,58.22,373531
74,14,34,75,Hard,122,45.02,496263
64,11,55,280,Medium,130,56.17,394043
53,80,87,75,Medium,220,81.07,171005
40,52,73,203,Medium,165,67.95,288371
96,37,98,145,Medium,231,88.27,104954
79,96,60,72,Hard,235,83.47,151548
34,65,91,62,Medium,190,63.19,331115
51,89,58,183,Medium,198,73.04,244348
27,32,39,92,Easy,98,35.13,581312
14,37,71,99,Medium,122,41.46,526352
72,61,68,76,Medium,201,68.86,281806
40,35,27,54,Hard,102,44.81,496333
88,47,10,196,Easy,145,56.66,391119
91,87,41,174,Hard,219,84.67,140564
35,11,89,261,Hard,135,63.63,330025
97,76,43,191,Easy,216,76.57,213855
14,40,40,95,Easy,94,28.28,645551
12,48,6,142,Easy,66,28.97,637955
95,86,81,133,Hard,262,93.51,57393
20,34,32,131,Hard,86,43.72,509305
88,91,72,178,Medium,251,90.14,89553
15,12,46,61,Easy,73,25.88,664245
96,33,3,268,Easy,132,54.17,411387
67,96,72,293,Hard,235,97.49,19682
73,60,63,143,Hard,196,81.35,164943
38,47,2,228,Hard,87,44.03,500813
42,66,72,147,Hard,180,74.47,229649
1,38,2,185,Easy,41,18.66,733795
47,92,45,236,Hard,184,80.49,176431
21,22,72,290,Medium,115,51.42,440047
42,92,92,276,Easy,226,84.32,142504
2,98,29,183,Hard,129,58.63,374824
42,51,20,210,Easy,113,45.09,494227
14,52,5,147,Hard,71,39.28,547415
81,8,25,94,Hard,114,48.07,467448
74,76,23,215,Medium,173,64.6,316617
2,56,53,264,Easy,111,43.74,507286
73,16,20,233,Hard,109,56.11,397238
67,59,26,98,Medium,152,52.71,426916
60,77,93,177,Easy,230,80.78,175900
66,95,17,200,Medium,178,73.69,237630
70,95,15,61,Easy,180,59.82,362789
3,88,85,268,Hard,176,79.16,190299
22,73,3,175,Easy,98,42.17,522681
28,4,61,277,Hard,93,50.36,445272
73,32,31,70,Medium,136,44.47,501336
53,15,47,52,Hard,115,44.48,499037
23,74,33,235,Hard,130,54.34,410396
60,86,99,95,Hard,245,94.85,48244
6,21,3,76,Easy,30,11.06,802584
51,86,50,113,Medium,187,67.8,288727
80,45,88,234,Medium,213,81.06,172349
98,10,82,98,Easy,190,68.18,283993
6,99,50,221,Hard,155,69.23,279388
89,81,27,98,Medium,197,69.05,281007
99,20,15,192,Easy,134,48.27,462576
33,22,62,107,Easy,117,39.95,540554
83,31,30,122,Easy,144,48.61,464075
36,50,27,147,Easy,113,38.33,557238
23,18,64,185,Easy,105,43.01,515377
47,39,25,126,Medium,111,43.67,509789
24,99,78,236,Hard,201,84.45,137866
47,44,44,144,Medium,135,48.97,459170
19,50,61,235,Medium,130,52.66,428075
44,100,93,292,Easy,237,91.97,71475
66,16,25,199,Hard,107,51.29,436897
83,17,26,129,Hard,126,47.78,467376
100,21,66,105,Hard,187,72.58,246615
60,86,55,245,Medium,201,79.57,186053
52,55,25,274,Hard,132,62.57,335034
62,73,96,193,Medium,231,85.84,130271
12,81,72,286,Easy,165,62.87,336081
45,30,44,60,Medium,119,45.42,490608
0,54,26,99,Easy,80,30.19,626827
45,86,4,80,Medium,135,46.73,482039
47,20,1,113,Easy,68,28.13,646357
20,62,15,111,Hard,97,38.72,550428
56,95,29,148,Hard,180,68.88,278186
76,99,10,197,Medium,185,74.73,224649
24,84,34,220,Medium,142,58.2,373995
100,33,50,200,Easy,183,65.13,316355
92,73,48,227,Hard,213,86.9,116787
65,74,92,56,Hard,231,88.27,105146
5,70,39,116,Hard,114,45.28,493523
52,64,42,261,Hard,158,66.59,298333
8,37,99,209,Medium,144,61.3,350731
23,54,89,234,Hard,166,73.27,239313
66,9,91,188,Hard,166,63.97,322299
20,76,71,263,Medium,167,67.27,292903
41,9,19,81,Easy,69,23.12,690406
81,58,1,154,Hard,140,60.05,358913
33,63,20,282,Hard,116,52.46,428526
70,20,85,238,Hard,175,70.53,266234
29,45,64,93,Hard,138,52.72,423425
95,0,83,276,Medium,178,76.77,206190
90,64,59,224,Easy,213,79.12,189472
11,85,98,90,Medium,194,71.08,261297
58,58,56,109,Hard,172,70.21,266017
33,53,74,197,Medium,160,66.84,297979
62,8,26,151,Easy,96,39.17,548994
98,46,7,134,Medium,151,55.33,402555
3,33,15,247,Medium,51,31.11,620480
90,23,42,209,Medium,155,62.34,341672
73,89,27,184,Hard,189,78.28,197206
93,8,11,213,Medium,112,47.41,474475
22,89,79,249,Easy,190,76.24,212367
65,30,64,192,Medium,159,61.44,349835
60,17,26,103,Medium,103,36.33,572035
96,58,54,70,Hard,208,72.06,251259
0,44,75,99,Medium,119,41.71,524766
55,41,1,58,Easy,97,27.6,651197
38,9,22,63,Easy,69,26.36,663188
96,28,11,190,Medium,135,52.56,425007
79,20,20,191,Easy,119,43.04,513162
25,34,95,60,Medium,154,53.23,423384
98,51,68,51,Easy,217,76.22,213984
50,43,32,265,Medium,125,58.6,373430
13,25,54,118,Medium,92,36.96,565428
48,68,49,178,Medium,165,62.4,338764
32,72,77,245,Hard,181,80.5,178386
16,94,90,142,Hard,200,82.68,153877
55,95,56,248,Easy,206,78.36,192895
92,78,78,70,Easy,248,83.11,152254
28,70,72,169,Medium,170,65.89,304753
46,1,33,249,Easy,80,40.31,536277
84,79,47,181,Hard,210,81.45,168086
5,48,34,71,Medium,87,36.43,574134
32,92,29,290,Medium,153,68.0,285366
50,72,64,102,Medium,186,62.76,332685
63,15,38,200,Medium,116,51.65,434633
52,84,89,272,Easy,225,84.37,137953
44,73,32,216,Medium,149,55.74,400052
35,11,7,190,Easy,53,27.57,650662
49,3,38,226,Easy,90,38.74,549027
35,4,71,118,Medium,110,45.36,490996
39,31,78,110,Easy,148,55.07,401672
82,25,70,138,Medium,177,66.4,300454
15,0,67,254,Hard,82,42.63,513542
52,35,13,164,Easy,100,36.88,565468
80,18,77,165,Hard,175,73.35,241660
18,83,56,262,Easy,157,61.82,341060
89,25,92,68,Medium,206,73.21,238772
8,96,86,80,Medium,190,67.07,296063
2,67,9,167,Easy,78,26.76,661210
73,0,18,254,Hard,91,50.59,443365
37,3,40,83,Hard,80,30.2,628572
4,93,73,267,Medium,170,71.22,257466
5,78,83,216,Medium,166,64.98,312863
26,91,21,192,Easy,138,49.48,456863
61,42,13,289,Easy,116,48.02,469108
10,26,10,173,Easy,46,25.89,668383
80,34,75,261,Easy,189,70.37,269400
57,32,98,158,Medium,187,73.24,238294
93,98,65,188,Easy,256,93.48,57715
68,32,0,108,Hard,100,47.57,474159
38,7,76,218,Easy,121,51.64,437072
82,65,66,152,Hard,213,79.77,180690
5,44,89,192,Medium,138,57.99,377560
31,100,65,140,Easy,196,71.45,259835
18,8,15,194,Medium,41,19.69,722485
17,95,68,50,Medium,180,60.47,355394
45,2,14,102,Hard,61,24.86,677027
44,33,85,91,Medium,162,56.17,393391
39,69,82,172,Medium,190,74.6,231534
85,51,53,288,Easy,189,76.53,212042
70,10,50,233,Hard,130,63.8,324123
6,4,75,54,Medium,85,26.48,660779
3,49,97,290,Easy,149,59.6,361987
81,97,60,224,Easy,238,83.51,149700
82,82,34,86,Medium,198,67.3,291977
9,22,16,83,Easy,47,13.91,772007
14,80,29,166,Medium,123,50.68,441808
55,68,18,249,Medium,141,61.49,344845
74,87,46,120,Medium,207,71.1,259964
64,86,41,251,Hard,191,84.53,138011
5,53,96,260,Easy,154,62.15,342262
43,40,9,257,Easy,92,39.75,544068
30,20,32,289,Medium,82,37.43,565743
10,13,5,196,Easy,28,16.24,754889
39,63,57,255,Easy,159,61.86,343549
16,28,94,147,Hard,138,61.79,345668
2,47,76,280,Hard,125,61.8,341998
82,52,66,197,Easy,200,73.55,235471
65,53,80,67,Medium,198,73.35,237451
53,76,40,108,Hard,169,70.15,265912
65,50,4,233,Medium,119,51.52,435621
45,51,18,81,Easy,114,40.46,535817
73,49,45,154,Hard,167,64.49,318061
2,14,6,157,Medium,22,18.63,731076
72,40,3,266,Medium,115,52.55,426671
72,93,73,83,Medium,238,85.38,131926
70,28,100,186,Hard,198,83.54,147670
71,84,41,164,Hard,196,80.7,172488
66,15,54,218,Easy,135,47.99,467236
28,67,17,96,Medium,112,45.84,489386
66,61,62,295,Hard,189,78.46,191337
14,53,12,102,Hard,79,35.42,583146
16,31,100,102,Hard,147,60.68,351872
99,65,58,123,Easy,222,76.23,211660
47,20,52,232,Medium,119,50.3,446234
4,8,98,294,Hard,110,57.29,385360
38,14,2,209,Medium,54,24.9,673933
75,31,76,90,Hard,182,73.22,239094
43,62,69,297,Medium,174,72.23,250275
62,1,54,267,Medium,117,55.67,399061
37,17,59,229,Medium,113,44.79,496636
87,42,79,170,Easy,208,74.0,233907
51,9,44,209,Medium,104,46.46,482997
27,49,52,168,Easy,128,48.49,464430
10,1,5,265,Hard,16,23.37,688392
38,29,12,83,Easy,79,29.16,635255
90,85,22,245,Medium,197,78.95,191589
4,83,83,73,Hard,170,65.93,305110
63,37,69,138,Medium,169,63.39,328361
54,27,80,292,Easy,161,65.3,310297
45,10,69,184,Easy,124,46.22,481638
38,65,27,223,Medium,130,55.96,395982
62,78,6,127,Hard,146,54.49,409511
15,58,75,276,Hard,148,68.78,282198
44,26,51,99,Hard,121,51.68,433149
61,79,52,244,Easy,192,69.08,279851
21,99,56,229,Hard,176,70.71,265055
90,99,35,168,Medium,224,84.22,140232
2,54,35,268,Hard,91,48.04,468519
81,21,28,152,Easy,130,52.85,427250
1,41,45,211,Hard,87,44.1,505857
88,54,60,197,Hard,202,82.8,151897
67,35,53,163,Hard,155,63.28,331321
13,90,86,91,Hard,189,76.2,211175
74,86,20,260,Medium,180,73.61,239752
62,71,39,119,Medium,172,58.73,369133
80,47,66,93,Easy,193,66.38,305181
8,94,18,208,Hard,120,56.68,386947
4,63,82,222,Hard,149,61.77,341631
3,46,51,142,Hard,100,49.39,458459
49,11,28,152,Easy,88,38.27,553347
77,6,49,127,Easy,132,50.94,441281
64,40,63,283,Easy,167,63.49,326996
9,24,66,147,Hard,99,40.66,532691
80,75,49,157,Easy,204,71.09,259077
52,100,56,85,Easy,208,70.79,261468
15,60,12,75,Easy,87,26.59,661513
8,51,25,275,Easy,84,33.91,597486
79,87,22,55,Medium,188,69.11,277523
95,49,30,88,Hard,174,63.39,329324
29,11,74,293,Medium,114,51.19,440500
7,60,94,51,Hard,161,60.1,358968
29,74,61,50,Easy,164,50.51,445646
49,5,64,63,Easy,118,38.51,554437
23,24,16,214,Easy,63,26.67,661916
91,12,99,262,Hard,202,80.95,170194
95,43,9,86,Easy,147,52.54,427361
73,11,5,197,Medium,89,43.85,504702
94,16,8,69,Hard,118,42.51,516011
36,86,21,209,Hard,143,64.47,318434
81,30,4,239,Hard,115,51.9,431562
90,52,89,209,Easy,231,85.19,132812
63,48,45,142,Medium,156,58.59,371643
95,62,32,188,Easy,189,70.56,266973
12,59,50,260,Medium,121,55.58,399671
15,47,15,203,Hard,77,37.78,558129
14,83,98,268,Hard,195,84.59,140432
76,32,41,103,Hard,149,60.66,356570
24,95,23,71,Hard,142,51.27,440618
57,27,25,285,Medium,109,46.67,480794
6,70,27,75,Medium,103,37.98,559605
53,45,5,260,Easy,103,45.21,494723
52,49,75,253,Hard,176,73.05,244140
23,17,14,190,Medium,54,23.83,684547
17,53,29,201,Medium,99,45.34,494696
96,62,27,262,Hard,185,75.45,218510
54,45,84,226,Medium,183,76.21,213589
71,45,21,238,Medium,137,52.65,425480
55,84,27,72,Hard,166,59.29,366450
30,30,76,50,Easy,136,46.67,481426
12,72,84,243,Medium,168,67.6,288755
55,64,82,210,Medium,201,75.38,221951
80,20,63,152,Easy,163,56.07,396546
91,86,46,215,Hard,223,93.51,57771
8,15,36,208,Easy,59,29.07,640499
9,55,82,286,Hard,146,62.84,335319
74,90,49,58,Hard,213,75.62,221383
80,28,56,232,Medium,164,61.5,348249
64,48,22,142,Medium,134,55.39,403536
13,88,66,145,Medium,167,61.7,344607
92,54,86,218,Medium,232,85.76,130877
48,85,33,277,Hard,166,71.12,260003
58,13,38,253,Easy,109,48.25,466808
27,75,68,254,Medium,170,69.7,272963
25,100,28,55,Medium,153,51.11,437682
57,47,47,199,Hard,151,62.61,337678
69,78,70,277,Medium,217,91.04,81126
44,70,62,181,Medium,176,65.43,309870
78,72,4,85,Medium,154,57.43,383213
8,77,18,130,Hard,103,42.68,518567
70,4,68,138,Medium,142,55.09,405644
55,90,87,268,Medium,232,93.92,52710
6,23,43,147,Easy,72,28.77,638108
64,21,55,279,Medium,140,59.72,360810
65,3,23,58,Medium,91,36.72,572274
6,46,26,96,Hard,78,35.11,584190
14,6,46,204,Hard,66,37.82,559366
77,15,53,67,Hard,145,56.57,390726
71,13,51,216,Medium,135,55.08,402658
65,92,80,60,Medium,237,86.92,119166
58,19,86,236,Medium,163,68.75,280498
77,41,54,286,Easy,172,73.03,242286
8,55,40,78,Hard,103,37.96,559856
30,4,22,179,Medium,56,28.17,646143
39,51,46,224,Easy,136,54.57,411571
79,63,83,160,Medium,225,86.29,125991
97,92,74,77,Medium,263,86.87,116943
55,30,1,206,Easy,86,36.61,569437
37,28,25,110,Hard,90,35.68,581227
34,75,10,102,Medium,119,46.25,483240
56,74,80,237,Easy,210,81.23,169828
10,31,68,120,Easy,109,35.45,583643
50,7,2,143,Easy,59,21.95,701374
42,69,74,122,Medium,185,62.83,331900
94,53,37,65,Easy,184,62.38,341008
85,20,9,287,Hard,114,58.13,377003
93,31,58,184,Hard,182,69.87,271717
55,12,9,50,Easy,76,25.39,672741
72,83,23,273,Medium,178,74.97,228056
85,45,21,148,Medium,151,59.57,365757
15,74,91,211,Medium,180,66.7,297755
8,73,72,71,Hard,153,60.09,357754
97,3,51,160,Easy,151,59.85,360895
99,39,93,279,Easy,231,90.36,83937
77,35,39,265,Medium,151,60.23,356402
95,20,31,98,Easy,146,52.21,429009
3,76,5,90,Easy,84,26.0,663348
33,4,11,149,Easy,48,18.18,737156
62,59,79,53,Easy,200,71.04,261554
56,15,34,155,Medium,105,47.16,477860
44,42,13,174,Easy,99,39.26,546906
87,78,40,189,Medium,205,81.94,163089
49,58,23,82,Hard,130,50.54,443474
28,21,39,154,Medium,88,39.69,542118
51,27,84,269,Easy,162,61.84,346161
31,76,69,292,Medium,176,77.23,204629
95,76,26,184,Medium,197,78.36,194615
31,79,38,201,Medium,148,59.85,359247
81,86,36,126,Easy,203,68.63,280710
76,6,24,240,Hard,106,53.94,414610
55,21,13,221,Easy,89,39.76,539572
40,29,74,167,Easy,143,53.93,416887
40,4,87,216,Hard,131,59.6,362146
64,87,100,143,Hard,251,91.39,78500
74,20,84,207,Easy,178,64.67,317937
98,18,79,124,Hard,195,79.61,181623
24,70,76,229,Medium,170,69.87,273990
48,18,40,134,Easy,106,43.92,503702
14,74,1,79,Easy,89,31.48,618590
76,41,81,163,Hard,198,74.85,225545
100,22,42,73,Medium,164,54.53,406413
11,93,67,162,Hard,171,71.35,256623
44,85,65,85,Easy,194,67.33,292710
65,72,20,126,Hard,157,65.46,313658
2,5,10,284,Hard,17,19.59,721297
66,60,37,277,Medium,163,69.4,273049
12,40,64,131,Hard,116,46.86,476224
54,23,10,51,Easy,87,27.97,649384
7,29,42,121,Hard,78,35.52,578183
85,34,88,101,Easy,207,68.34,285253
27,98,78,213,Hard,203,83.17,149033
38,34,100,160,Medium,172,62.25,340267
98,62,26,166,Medium,186,72.35,245883
6,30,88,292,Hard,124,64.61,315625
40,48,36,228,Medium,124,51.97,434453
15,7,4,263,Hard,26,24.42,681469
73,47,87,110,Medium,207,76.19,214805
42,96,87,110,Medium,225,84.77,136114
96,87,92,281,Medium,275,100.0,1
5,65,62,185,Hard,132,57.87,381794
26,88,36,192,Medium,150,56.56,389361
17,77,42,165,Hard,136,53.17,419247
88,64,37,145,Hard,189,72.28,249408
16,61,44,91,Medium,121,42.82,514720
84,70,20,153,Medium,174,61.94,342784
57,97,91,95,Medium,245,81.55,166201
25,32,53,258,Medium,110,47.98,467863
0,41,28,282,Medium,69,39.95,541832
40,61,6,289,Easy,107,43.67,508590
12,63,88,70,Hard,163,62.31,340790
66,98,51,148,Hard,215,83.92,145237
72,12,81,55,Hard,165,59.59,366066
45,63,89,159,Easy,197,72.68,246882
11,72,71,50,Hard,154,59.96,361003
44,33,1,125,Easy,78,30.76,622560
35,66,67,212,Hard,168,66.0,303534
82,23,3,300,Hard,108,55.56,399021
96,49,69,210,Easy,214,77.05,204858
28,0,5,291,Medium,33,29.47,632984
35,86,61,265,Hard,182,78.4,196800
71,61,14,102,Hard,146,58.2,377598
1,56,26,203,Medium,83,40.79,532281
87,81,92,272,Medium,260,100.0,1
43,85,93,85,Easy,221,71.49,254417
46,40,35,126,Easy,121,46.0,487627
30,0,61,126,Medium,91,36.84,568092
38,86,89,89,Easy,213,69.79,268910
92,18,55,124,Hard,165,63.55,326494
62,75,66,271,Hard,203,82.62,157175
84,39,75,162,Easy,198,66.59,298251
100,33,75,283,Hard,208,89.21,97570
25,90,96,235,Hard,211,84.73,135209
25,83,88,260,Medium,196,76.27,212806
82,86,72,171,Hard,240,94.65,49090
77,27,57,262,Hard,161,68.43,286534
23,48,28,76,Hard,99,36.72,566586
10,1,63,231,Easy,74,34.38,590900
83,10,24,226,Hard,117,54.64,410564
54,35,95,133,Medium,184,69.46,272956
15,36,67,126,Easy,118,37.97,555631
11,92,77,282,Hard,180,77.88,196811
16,93,51,210,Medium,160,59.76,362563
69,87,5,179,Hard,161,64.76,318959
91,34,29,279,Medium,154,63.86,322425
16,78,20,102,Hard,114,45.95,488481
44,61,87,54,Hard,192,70.01,270015
3,14,66,121,Easy,83,31.35,618520
98,49,15,101,Easy,162,51.55,435513
79,68,46,72,Hard,193,71.28,260628
40,86,59,257,Medium,185,76.14,213163
54,3,77,172,Medium,134,51.91,434409
86,51,59,291,Easy,196,74.89,227206
10,0,5,149,Easy,15,6.1,845221
3,11,99,185,Easy,113,43.24,509833
49,94,38,102,Medium,181,63.86,324114
74,49,2,96,Easy,125,47.03,474840
88,11,31,178,Easy,130,51.3,439009
90,19,86,293,Medium,195,78.79,187929
17,34,60,64,Easy,111,33.6,598125
60,22,90,219,Easy,172,70.07,270003
24,23,45,203,Medium,92,43.58,510195
48,29,46,288,Easy,123,50.6,446312
80,67,48,146,Hard,195,76.21,213912
100,73,57,260,Medium,230,86.51,124256
27,55,94,170,Medium,176,68.11,284729
24,41,71,89,Easy,136,44.57,499011
11,30,68,212,Easy,109,46.24,481621
42,5,80,174,Easy,127,45.78,490356
22,50,75,72,Medium,147,55.86,398730
8,80,1,192,Medium,89,34.72,589888
10,100,87,234,Easy,197,79.24,188027
88,4,39,121,Hard,131,50.63,441819
22,72,15,187,Medium,109,45.49,491341
4,13,80,209,Hard,97,47.28,474519
58,95,93,230,Easy,246,87.53,112427
92,27,42,290,Hard,161,75.37,220472
2,71,2,239,Medium,75,32.5,609771
94,98,77,232,Medium,269,98.54,11369
98,15,14,174,Easy,127,47.29,472276
8,66,58,204,Easy,132,54.41,411569
39,96,30,134,Medium,165,66.6,302131
90,4,15,196,Medium,109,47.32,476539
64,57,97,176,Medium,218,81.82,161339
0,35,16,299,Hard,51,37.72,558761
7,36,68,116,Easy,111,39.86,544101
6,98,20,155,Hard,124,48.69,461956
15,85,83,81,Medium,183,64.55,318434
92,30,77,291,Medium,199,79.42,186208
14,61,33,178,Hard,108,51.07,441781
50,31,29,281,Medium,110,53.63,419942
30,53,84,166,Easy,167,56.13,393378
41,30,65,165,Medium,136,51.22,440627
51,88,44,223,Medium,183,72.06,250021
23,95,51,95,Hard,169,60.97,348483
14,81,50,148,Hard,145,60.99,353279
74,63,98,173,Hard,235,89.71,90468
22,77,59,154,Hard,158,63.85,327482
88,95,21,71,Medium,204,66.95,295116
63,31,60,62,Medium,154,56.83,386480
14,29,18,224,Hard,61,39.72,543130
18,42,11,90,Hard,71,28.26,644627
29,100,23,248,Easy,152,60.66,356970
99,83,57,264,Hard,239,97.96,16725
100,42,74,120,Hard,216,85.44,131665
89,65,19,231,Easy,173,67.79,292877
4,35,38,69,Hard,77,31.01,621312
72,25,42,157,Hard,139,54.72,408716
5,40,3,217,Hard,48,26.66,659692
77,10,68,287,Hard,155,71.95,250268
35,61,73,278,Easy,169,69.23,275959
34,67,50,281,Easy,151,60.36,356931
23,70,2,82,Medium,95,39.54,541675
8,59,59,100,Medium,126,48.3,465409
30,86,74,283,Easy,190,70.98,260091
2,70,17,227,Easy,89,33.83,597317
78,58,18,279,Easy,154,63.36,329552
60,76,29,53,Easy,165,54.72,410060
47,90,76,60,Medium,213,75.56,220443
95,66,35,240,Hard,196,84.6,138882
58,35,46,83,Medium,139,52.73,422475
9,26,72,249,Easy,107,40.55,536243
48,80,62,199,Medium,190,73.12,240355
58,66,80,294,Easy,204,80.26,175964
44,76,95,138,Medium,215,77.91,197526
0,45,82,135,Hard,127,50.33,446897
7,78,7,227,Easy,92,37.21,564475
26,65,19,125,Easy,110,38.37,554336
1,79,67,167,Medium,147,61.15,347556
83,88,88,55,Hard,259,93.86,52811
92,80,29,252,Hard,201,86.07,125863
87,10,63,243,Medium,160,62.21,342614
36,15,84,78,Medium,135,50.45,443138
69,19,29,263,Medium,117,47.52,472793
84,71,83,106,Medium,238,82.19,162416
97,0,66,128,Hard,163,60.78,351629
1,36,32,262,Easy,69,31.02,619387
96,14,21,298,Medium,131,61.92,343071
7,68,80,239,Hard,155,66.13,302684
81,74,84,56,Hard,239,90.5,86044
50,4,43,150,Easy,97,33.05,601429
12,32,48,72,Medium,92,36.41,570396
9,84,63,177,Medium,156,56.56,388218
28,59,14,225,Medium,101,47.85,472034
29,9,51,120,Medium,89,35.05,583683
53,12,69,191,Hard,134,61.64,343779
33,23,43,287,Easy,99,45.62,489707
47,95,3,201,Easy,145,56.28,395456
52,53,68,205,Hard,173,72.84,244628
41,75,87,175,Hard,203,78.12,197701
10,1,16,66,Hard,27,18.48,733964
7,100,2,226,Easy,109,43.63,507313
51,38,96,216,Medium,185,70.91,260020
29,66,90,180,Medium,185,67.95,291184
80,10,57,275,Hard,147,65.23,311844
30,100,18,192,Hard,148,60.08,358864
59,47,49,66,Easy,155,47.6,469738
20,36,34,197,Hard,90,42.88,516521
70,28,72,294,Hard,170,79.69,182850
95,74,43,186,Easy,212,78.75,189360
58,12,93,113,Medium,163,63.4,328243
13,55,76,67,Medium,144,46.52,483580
45,75,17,144,Medium,137,48.85,459694
97,66,3,218,Medium,166,63.37,330971
57,63,76,66,Medium,196,63.94,324443
67,56,12,236,Easy,135,50.41,444780
94,43,6,293,Hard,143,61.99,343413
10,41,83,146,Easy,134,44.2,499510
46,3,33,53,Easy,82,30.43,624385
44,96,29,86,Easy,169,58.39,371641
45,95,10,263,Hard,150,70.23,267655
97,76,99,227,Easy,272,97.92,18040
3,6,95,225,Medium,104,46.28,481734
62,41,56,266,Medium,159,68.34,286283
9,33,33,296,Easy,75,31.97,612090
53,55,23,137,Easy,131,49.23,458246
39,65,82,162,Medium,186,70.15,270238
40,26,23,73,Medium,89,30.87,621328
41,75,25,284,Hard,141,66.97,294317
19,18,74,73,Hard,111,39.76,544367
22,68,52,68,Medium,142,49.83,450491
15,4,11,162,Easy,30,15.67,757603
48,49,22,109,Medium,119,46.54,483573
54,16,8,120,Hard,78,33.4,601400
5,10,68,180,Medium,83,37.04,569640
9,64,95,126,Medium,168,61.71,347257
96,67,83,181,Hard,246,98.32,17005
88,77,60,59,Hard,225,84.6,140038
64,87,83,203,Medium,234,84.3,140899
95,66,67,167,Easy,228,84.76,137076
43,46,89,276,Medium,178,68.43,281603
67,77,49,207,Hard,193,75.54,219790
89,16,81,85,Hard,186,66.59,300101
77,28,79,85,Medium,184,64.14,325226
35,54,5,169,Hard,94,44.91,493076
58,41,55,246,Hard,154,63.85,325512
89,70,47,173,Hard,206,78.22,197072
79,43,31,294,Medium,153,69.44,276182
25,98,85,126,Medium,208,71.27,256337
17,35,26,74,Medium,78,29.72,633925
69,4,47,129,Hard,120,50.5,445492
62,41,70,215,Hard,173,74.02,236219
52,62,53,167,Medium,167,62.04,339100
64,12,95,141,Hard,171,63.51,326740
26,80,66,217,Hard,172,71.19,260349
83,5,60,87,Hard,148,56.24,393105
74,59,47,139,Easy,180,67.4,293115
98,80,29,133,Easy,207,76.78,209552
79,15,70,166,Medium,164,67.19,297246
88,97,87,287,Easy,272,100.0,1531
80,35,36,292,Medium,151,69.7,274875
45,97,65,292,Easy,207,81.02,168548
92,20,54,71,Easy,166,52.28,431484
2,27,87,190,Easy,116,48.32,465737
32,65,49,136,Hard,146,56.09,393569
61,71,89,191,Medium,221,78.98,190219
42,25,69,190,Hard,136,56.69,391094
22,27,75,160,Hard,124,48.74,463890
12,28,17,200,Easy,57,26.05,668154
92,61,53,208,Medium,206,77.83,201323
28,88,41,123,Hard,157,61.67,344081
61,44,73,129,Medium,178,63.09,335056
49,53,2,124,Easy,104,33.73,593622
97,10,6,68,Hard,113,45.28,492657
87,36,66,196,Medium,189,68.41,285387
81,7,21,195,Easy,109,40.95,530862
65,92,8,190,Easy,165,64.86,315207
68,47,96,284,Easy,211,79.92,179415
27,3,19,219,Medium,49,30.24,629068
63,85,39,236,Medium,187,69.91,269173
54,60,70,87,Easy,184,60.87,354522
3,29,96,161,Easy,128,45.96,486558
44,96,28,210,Medium,168,64.36,318768
51,26,51,185,Hard,128,57.21,385750
43,2,36,58,Medium,81,31.15,617934
23,67,49,149,Medium,139,53.73,418486
93,57,6,178,Hard,156,66.99,295781
73,31,10,217,Hard,114,49.04,457226
44,37,56,54,Easy,137,40.56,537214
58,53,70,130,Medium,181,62.59,338465
62,38,7,133,Hard,107,49.85,453490
41,62,31,296,Easy,134,60.54,352392
91,61,66,284,Hard,218,90.86,81697
51,61,88,225,Hard,200,79.81,181372
28,33,13,255,Hard,74,42.37,520244
86,41,87,125,Easy,214,70.65,263596
16,82,97,199,Hard,195,80.92,171120
86,85,88,172,Easy,259,87.42,113550
23,60,29,267,Hard,112,51.15,441875
48,39,18,121,Hard,105,43.38,507546
42,23,15,107,Hard,80,34.19,592804
58,21,30,252,Medium,109,44.72,497995
11,73,85,167,Easy,169,61.24,346003
75,40,37,271,Easy,152,56.49,390295
55,71,86,151,Easy,212,71.82,251082
58,6,47,136,Medium,111,48.7,459092
29,70,99,247,Hard,198,86.22,122112
71,61,67,267,Medium,199,78.4,193963
37,18,8,242,Hard,63,38.18,558751
73,33,32,251,Hard,138,58.79,370040
16,6,21,77,Easy,43,17.5,741126
78,58,47,256,Medium,183,75.88,214783
34,84,60,199,Hard,178,74.86,226529
44,66,84,93,Hard,194,73.04,243983
97,82,21,59,Easy,200,67.68,290421
6,42,54,120,Easy,102,40.55,533759
75,40,84,51,Easy,199,68.85,280632
69,20,90,146,Medium,179,71.53,256225
63,30,13,163,Medium,106,39.51,545262
30,70,98,108,Easy,198,63.44,327494
38,71,37,300,Hard,146,63.77,327316
90,78,38,177,Medium,206,80.89,171635
14,89,57,271,Medium,160,68.77,279300
80,49,37,101,Medium,166,60.3,359971
26,78,7,261,Hard,111,55.16,401732
3,43,48,197,Medium,94,45.22,493297
5,88,97,120,Medium,190,71.83,255676
68,27,91,101,Medium,186,70.29,269657
20,97,62,253,Medium,179,71.59,254931
66,75,92,262,Easy,233,86.7,120121
44,71,4,201,Medium,119,54.55,406379
81,72,5,88,Hard,158,56.68,391888
43,63,18,228,Medium,124,48.1,465798
99,91,35,142,Medium,225,85.21,131518
16,86,89,78,Hard,191,71.35,257289
25,69,22,50,Medium,116,37.29,564259
23,46,43,147,Hard,112,46.4,485353
36,65,89,247,Hard,190,76.02,214689
11,38,2,52,Medium,51,15.19,764033
71,55,78,222,Easy,204,79.0,187082
56,83,49,50,Easy,188,59.73,362184
60,91,52,204,Hard,203,82.53,156385
15,37,58,59,Hard,110,48.58,461278
18,34,97,61,Medium,149,50.37,446372
12,59,21,76,Hard,92,39.34,546414
4,49,90,264,Medium,143,62.19,338126
79,52,69,200,Medium,200,80.52,177695
79,95,20,103,Hard,194,74.82,225710
73,93,50,153,Easy,216,81.43,164266
99,43,97,123,Easy,239,83.22,150521
26,59,81,50,Hard,166,60.78,355566
95,2,99,114,Hard,196,70.58,266976
56,24,11,296,Easy,91,37.34,566100
53,73,48,130,Medium,174,69.31,277109
59,2,80,217,Medium,141,56.98,386275
73,0,86,128,Medium,159,58.87,371750
12,60,5,123,Medium,77,30.03,627629
5,55,6,232,Easy,66,27.05,658116
28,68,49,265,Hard,145,70.02,269103
20,15,82,243,Easy,117,48.22,463740
33,8,52,190,Medium,93,44.99,494390
13,91,65,137,Easy,169,57.97,379894
2,1,58,274,Easy,61,29.05,637564
5,70,76,143,Medium,151,55.86,394617
19,96,61,243,Hard,176,71.79,252625
56,76,39,264,Medium,171,68.34,283879
42,55,93,240,Easy,190,69.25,276458
30,78,7,226,Easy,115,42.45,516356
93,55,96,200,Hard,244,93.26,57753
7,56,51,226,Easy,114,46.74,478835
12,63,68,56,Hard,143,54.85,405416
24,59,45,98,Easy,128,41.38,530242
63,69,7,233,Medium,139,57.17,383203
21,67,37,271,Medium,125,56.79,391855
47,11,28,228,Easy,86,37.16,565072
51,19,55,90,Medium,125,44.69,498225
39,89,95,147,Medium,223,80.29,174841
37,47,47,210,Hard,131,55.54,399742
48,50,60,208,Easy,158,59.45,364867
100,85,61,187,Medium,246,94.63,48147
29,77,47,212,Easy,153,62.18,338684
86,51,63,174,Medium,200,75.12,222674
14,94,82,134,Easy,190,62.36,340371
77,23,18,81,Medium,118,45.07,496508
88,42,29,202,Medium,159,65.47,309114
47,21,39,296,Medium,107,48.12,466786
48,25,33,284,Medium,106,51.27,437490
88,96,64,293,Hard,248,100.0,1
77,38,61,130,Hard,176,70.71,261999
7,49,22,150,Hard,78,39.44,543519
6,99,81,180,Medium,186,68.1,285138
71,56,77,300,Medium,204,80.76,170339
0,60,51,150,Easy,111,41.78,521454
45,28,1,257,Hard,74,42.2,521220
45,65,96,258,Hard,206,81.69,164508
15,28,55,157,Hard,98,44.95,494961
67,12,27,226,Medium,106,43.69,506854
75,7,6,157,Hard,88,39.4,548047
55,17,28,187,Medium,100,47.24,476654
86,60,11,196,Easy,157,55.47,399965
3,98,1,248,Easy,102,39.16,548117
13,93,83,178,Easy,189,65.88,309563
95,93,68,161,Medium,256,98.03,16679
22,47,18,84,Medium,87,30.53,622944
78,97,75,87,Easy,250,80.17,179736
51,92,77,158,Medium,220,81.16,167672
29,22,62,94,Hard,113,44.79,499660
95,87,37,207,Easy,219,79.53,181540
80,78,82,102,Medium,240,88.56,103455
60,84,83,106,Hard,227,89.11,98674
97,90,40,121,Hard,227,86.77,121633
80,66,7,177,Easy,153,56.74,386946
48,1,9,289,Easy,58,30.21,629927
52,48,83,300,Medium,183,77.47,202200
10,65,80,172,Hard,155,65.02,313024
15,38,71,233,Easy,124,47.11,473029
23,85,38,249,Medium,146,57.18,387895
80,64,95,204,Hard,239,94.08,55246
44,21,77,94,Easy,142,44.94,496309
4,62,27,139,Hard,93,40.18,540583
37,0,68,147,Easy,105,41.13,527293
22,33,69,170,Hard,124,51.28,440342
74,18,66,218,Easy,158,56.48,392724
14,3,95,240,Hard,112,49.9,452042
51,35,37,128,Medium,123,48.87,461243
68,75,2,75,Easy,145,51.29,439884
4,99,42,66,Easy,145,45.08,493653
27,69,60,264,Easy,156,59.23,366410
54,27,24,146,Hard,105,50.6,444189
81,71,3,215,Hard,155,61.61,346211
91,61,55,257,Easy,207,82.06,162921
50,13,81,190,Easy,144,50.72,446466
33,50,68,268,Easy,151,61.87,344062
93,50,75,121,Easy,218,77.91,200732
53,2,49,230,Hard,104,47.43,471421
76,56,65,189,Easy,197,74.77,226619
76,74,17,58,Medium,167,62.95,333716
50,14,70,54,Easy,134,49.23,457823
92,60,79,192,Easy,231,87.71,110870
34,74,8,250,Medium,116,54.47,407491
6,0,89,289,Hard,95,45.75,488804
91,40,47,297,Hard,178,78.47,196020
0,26,69,201,Medium,95,42.69,514852
86,76,29,213,Medium,191,73.37,241401
73,94,92,177,Hard,259,94.22,52101
85,22,14,222,Hard,121,58.6,372730
9,83,74,128,Hard,166,66.55,301869
100,53,52,265,Easy,205,81.52,164706
3,95,39,111,Easy,137,44.64,496833
89,53,17,53,Hard,159,61.62,346411
75,43,52,144,Hard,170,72.01,254484
86,17,63,200,Easy,166,60.31,354978
11,28,63,63,Medium,102,35.99,575428
49,15,33,236,Easy,97,40.53,536614
99,32,96,178,Hard,227,88.44,102032
9,54,64,206,Hard,127,54.86,406801
95,29,3,163,Medium,127,50.12,448147
90,9,44,249,Hard,143,64.92,316567
2,31,12,60,Easy,45,11.21,796818
50,42,83,209,Medium,175,65.07,312691
86,52,30,67,Medium,168,61.86,345397
6,60,20,86,Medium,86,34.94,582595
33,98,12,61,Easy,143,47.99,469278
81,79,15,96,Hard,175,71.71,253195
4,26,65,57,Medium,95,33.63,596510
34,60,9,81,Hard,103,38.09,557004
60,23,39,216,Easy,122,48.31,466609
68,16,92,136,Hard,176,69.81,272946
99,59,10,159,Medium,168,67.64,291638
85,61,54,162,Hard,200,81.38,166546
28,14,52,208,Medium,94,39.7,540916
85,82,61,214,Easy,228,87.06,113466
44,35,37,68,Easy,116,36.17,574944
90,79,31,90,Medium,200,67.9,287695
86,25,9,150,Hard,120,49.54,455954
29,39,72,296,Medium,140,56.82,387921
28,0,49,161,Hard,77,40.27,539129
24,85,100,162,Easy,209,79.01,190189
29,35,65,156,Easy,129,43.65,504326
43,33,0,198,Medium,76,39.82,540164
89,66,79,163,Medium,234,84.63,139612
0,14,25,81,Hard,39,17.48,744902
64,29,26,103,Hard,119,44.91,497378
45,70,81,294,Hard,196,83.33,149356
83,89,59,279,Hard,231,99.17,7880
41,94,49,254,Hard,184,75.27,224577
71,58,72,210,Hard,201,85.16,131159
3,43,52,225,Hard,98,50.35,448974
26,15,61,277,Hard,102,47.41,471072
66,97,19,253,Medium,182,69.6,271490
7,23,21,138,Easy,51,18.56,734444
94,60,16,128,Easy,170,57.98,379859
34,11,64,166,Easy,109,40.96,531749
23,4,43,181,Easy,70,32.17,610993
37,27,70,122,Medium,134,55.64,396752
55,31,94,110,Hard,180,71.42,255268
67,41,82,133,Hard,190,74.64,229069
81,80,86,137,Medium,247,93.82,57276
70,2,72,253,Easy,144,53.55,417935
53,60,20,286,Hard,133,66.54,298393
43,0,64,283,Hard,107,50.27,446424
19,73,28,119,Medium,120,41.63,523051
78,34,94,290,Easy,206,84.86,136278
36,46,39,80,Hard,121,49.42,454605
62,12,84,286,Easy,158,60.9,353322
85,76,74,179,Hard,235,93.33,60391
60,36,74,65,Medium,170,55.23,401306
92,78,70,183,Hard,240,97.18,28303
17,28,51,174,Medium,96,40.25,537193
80,17,89,165,Easy,186,62.51,339111
86,45,4,248,Hard,135,61.64,343563
40,43,46,262,Easy,129,51.93,434910
1,26,4,151,Easy,31,19.27,723949
4,10,72,173,Medium,86,42.14,520649
9,61,69,261,Hard,139,66.68,298738
23,99,46,218,Medium,168,64.0,324464
10,32,51,149,Medium,93,41.69,526390
54,44,23,193,Medium,121,46.1,485661
72,48,37,225,Hard,157,68.61,282510
67,100,3,263,Easy,170,70.36,269200
24,54,66,176,Medium,144,52.87,421531
86,1,96,78,Easy,183,58.59,374070
57,41,59,155,Easy,157,58.85,370401
75,95,16,94,Hard,186,67.59,289365
75,77,74,187,Medium,226,88.83,101818
81,86,67,167,Hard,234,87.59,112388
61,63,42,241,Medium,166,62.99,334454
22,69,4,94,Hard,95,36.11,575389
20,95,16,190,Medium,131,55.61,400711
49,95,10,268,Medium,154,67.85,291046
41,49,48,263,Hard,138,58.91,367016
24,38,30,101,Easy,92,29.48,637362
27,28,26,112,Easy,81,26.49,663570
75,64,27,234,Easy,166,59.51,365212
52,26,85,198,Hard,163,67.55,293559
4,99,82,256,Medium,185,76.34,215655
66,15,46,71,Easy,127,40.48,536208
7,96,99,117,Medium,202,70.06,271534
31,83,70,298,Easy,184,72.4,248286
73,75,94,141,Medium,242,82.97,152500
27,84,89,73,Hard,200,70.54,264955
18,79,64,132,Hard,161,65.38,311855
24,88,58,95,Hard,170,67.49,292697
44,24,92,189,Hard,160,64.28,320659
69,66,56,134,Medium,191,67.51,292331
32,36,67,77,Hard,135,50.18,447914
57,72,3,214,Hard,132,53.9,411974
97,88,2,240,Hard,187,76.09,217637
81,6,46,295,Hard,133,58.09,376179
46,68,12,300,Easy,126,55.04,405521
78,25,85,132,Medium,188,64.52,316571
100,92,53,171,Hard,245,98.3,16337
23,94,55,135,Easy,172,60.52,354642
50,49,53,134,Easy,152,51.15,437422
95,100,4,201,Easy,199,68.6,280864
78,69,91,218,Hard,238,96.59,32921
84,78,34,106,Hard,196,70.84,261236
4,28,81,290,Medium,113,55.52,397960
83,73,14,172,Medium,170,64.0,323143
42,72,51,56,Hard,165,66.64,297614
7,4,35,239,Medium,46,22.42,696539
36,56,2,244,Hard,94,52.38,428417
86,12,2,167,Hard,100,45.66,486519
31,5,6,261,Hard,42,30.14,631267
83,59,38,260,Easy,180,68.9,278317
64,34,5,59,Hard,103,45.32,489446
42,19,71,78,Easy,132,46.77,481416
73,21,33,299,Hard,127,57.38,382048
49,41,28,247,Medium,118,48.22,468418
26,84,37,188,Easy,147,58.57,371908
31,82,71,57,Easy,184,57.36,382483
79,5,78,299,Easy,162,63.17,332191
83,64,64,182,Medium,211,82.97,155374
98,10,55,218,Hard,163,73.65,239632
30,53,71,257,Medium,154,68.4,284487
23,40,27,253,Medium,90,39.28,547705
28,92,19,154,Medium,139,55.32,399313
96,76,49,50,Hard,221,76.58,210767
12,35,44,233,Easy,91,41.28,529425
10,31,83,152,Easy,124,41.05,531005
10,82,17,87,Medium,109,38.33,555905
97,23,17,295,Easy,137,58.82,372314
49,83,53,202,Medium,185,72.16,250267
75,36,11,154,Easy,122,45.65,487872
33,65,14,77,Medium,112,44.95,495610
56,95,42,227,Easy,193,73.83,235500
52,47,23,160,Hard,122,51.23,436087
100,57,33,125,Hard,190,72.63,244990
52,72,13,218,Easy,137,53.19,418545
93,100,7,117,Medium,200,75.11,226134
64,79,86,128,Hard,229,86.08,126587
55,0,49,270,Hard,104,48.01,466306
66,100,41,125,Easy,207,70.93,264430
36,51,47,84,Easy,134,48.59,459785
28,49,15,245,Hard,92,47.31,472367
56,25,94,148,Easy,175,61.21,350867
48,36,61,82,Hard,145,53.56,417454
99,60,92,225,Medium,251,98.94,8587
98,75,12,83,Medium,185,70.12,266013
10,53,6,136,Medium,69,31.0,622396
50,45,5,143,Easy,100,39.98,541252
96,32,9,225,Easy,137,51.1,438510
95,25,70,162,Hard,190,79.5,181623
50,13,55,103,Easy,118,38.8,550841
20,45,47,127,Hard,112,49.62,454962
23,33,7,189,Medium,63,34.84,586089
12,6,78,202,Easy,96,37.01,564637
87,17,33,143,Medium,137,50.7,441008
36,76,21,86,Medium,133,50.11,446125
32,71,18,58,Hard,121,48.6,463136
16,98,45,143,Medium,159,59.2,370107
42,18,88,177,Easy,148,53.41,419374
45,19,93,218,Medium,157,60.16,359929
72,21,32,180,Hard,125,50.13,450861
82,43,57,207,Hard,182,72.66,244059
4,55,31,256,Hard,90,44.73,497022
64,56,28,138,Medium,148,61.0,349316
16,62,73,58,Medium,151,56.81,389720
75,39,0,86,Easy,114,40.09,536624
65,48,7,237,Medium,120,48.8,461741
57,28,74,258,Medium,159,64.97,316992
25,33,49,212,Hard,107,46.04,484547
21,48,80,284,Medium,149,61.69,344241
68,65,41,292,Medium,174,73.13,240856
99,15,38,166,Hard,152,67.96,289112
93,87,52,187,Hard,232,88.13,109288
3,90,19,202,Easy,112,42.64,513893
86,83,45,87,Medium,214,73.33,237892
25,23,79,107,Easy,127,42.59,515993
43,11,58,62,Medium,112,39.33,548011
86,8,82,236,Hard,176,70.82,260469
90,7,75,106,Easy,172,62.41,335946
31,65,8,139,Medium,104,41.98,520632
91,54,40,242,Medium,185,78.61,192830
27,83,39,288,Medium,149,64.17,322790
67,53,92,138,Easy,212,71.89,254347
17,92,6,258,Easy,115,43.42,507208
27,44,34,250,Hard,105,56.16,392353
80,12,90,259,Hard,182,76.0,214726
9,21,90,292,Medium,120,57.58,381061
26,51,56,119,Easy,133,47.48,471947
66,31,51,238,Hard,148,66.79,297427
60,83,91,255,Hard,234,94.34,53859
53,67,37,236,Medium,157,62.08,343848
31,33,88,299,Hard,152,74.27,230229
45,76,81,271,Medium,202,77.89,198005
91,91,45,90,Hard,227,85.82,125902
70,70,52,90,Hard,192,74.63,231204
10,56,78,117,Medium,144,49.75,449476
89,10,57,202,Medium,156,60.02,361458
6,87,62,79,Hard,155,55.87,396606
79,45,5,128,Hard,129,56.04,393043
14,100,83,208,Medium,197,75.34,224815
44,94,38,142,Easy,176,62.24,338833
54,80,65,90,Hard,199,76.01,215491
71,76,46,175,Medium,193,75.91,215594
94,62,91,102,Hard,247,88.56,101140
97,58,53,55,Medium,208,69.63,271183
76,78,84,68,Hard,238,83.69,146783
47,28,26,138,Medium,101,40.43,538850
60,86,26,120,Medium,172,67.6,288791
46,91,47,170,Hard,184,75.32,220170
87,9,61,76,Easy,157,50.62,445621
13,45,5,83,Hard,63,33.06,599610
27,30,90,103,Medium,147,55.37,399759
95,38,67,185,Easy,200,68.03,288118
2,95,51,266,Easy,148,63.72,327090
58,38,91,144,Hard,187,74.7,228110
27,60,51,99,Easy,138,49.71,450875
86,39,78,148,Medium,203,76.38,210122
32,25,98,159,Hard,155,59.75,364467
49,23,1,244,Medium,73,35.48,578734
88,89,100,83,Medium,277,98.78,9835
98,85,43,75,Hard,226,85.58,128690
80,65,90,173,Medium,235,86.4,123415
57,42,6,126,Medium,105,43.46,511237
46,79,36,52,Easy,161,55.76,398573
91,73,20,120,Medium,184,62.46,339162
61,42,66,243,Hard,169,74.84,223616
96,5,30,155,Medium,131,51.59,438270
70,45,79,139,Easy,194,69.35,273450
68,80,39,94,Medium,187,66.87,298504
69,7,52,211,Medium,128,55.98,398448
90,77,66,94,Hard,233,85.5,131712
56,74,80,184,Medium,210,74.4,231721
85,95,52,168,Hard,232,88.17,107006
58,83,53,80,Easy,194,64.62,318366
93,48,65,153,Easy,206,71.08,258087
34,57,19,120,Easy,110,43.63,505697
72,81,69,66,Easy,222,74.47,230855
62,4,79,150,Easy,145,54.29,408704
78,25,0,162,Easy,103,43.85,508021
83,5,54,69,Hard,142,52.9,425397
40,15,72,200,Hard,127,58.67,372843
97,58,19,260,Easy,174,64.41,322105
16,59,56,272,Hard,131,56.59,388045
96,85,38,284,Medium,219,89.7,91845
87,59,6,98,Medium,152,57.42,385699
89,96,94,103,Easy,279,92.91,66312
66,94,4,127,Hard,164,69.45,272372
67,10,3,134,Easy,80,28.17,646153
38,81,87,184,Easy,206,75.17,224433
51,35,92,250,Medium,178,72.15,249467
46,62,49,209,Medium,157,61.72,344988
1,37,24,213,Hard,62,35.43,582201
40,42,84,169,Hard,166,67.9,286574
58,83,99,134,Medium,240,91.51,74337
82,37,28,133,Medium,147,60.18,359907
78,5,0,252,Medium,83,36.14,573733
88,43,28,204,Easy,159,59.35,364858
28,0,75,255,Medium,103,49.91,453224
10,25,56,188,Hard,91,41.08,531262
17,59,99,209,Medium,175,68.73,282863
26,24,79,206,Medium,129,50.84,440699
10,82,49,299,Medium,141,65.82,306451
46,86,72,168,Hard,204,79.18,184780
62,94,30,202,Medium,186,67.87,291661
42,98,89,273,Hard,229,98.45,14939
48,98,99,74,Hard,245,88.81,98072
52,12,72,236,Hard,136,56.33,395722
97,93,9,213,Medium,199,77.05,205582
83,26,34,172,Medium,143,55.46,399604
6,83,9,253,Easy,98,37.86,556578
84,0,61,294,Easy,145,55.26,403704
26,72,41,74,Easy,139,49.85,449739
97,73,70,210,Medium,240,92.5,68348
90,95,21,209,Easy,206,73.89,234964
83,51,74,269,Hard,208,83.56,144984
77,89,2,246,Hard,168,73.56,235281
93,52,67,248,Hard,212,83.76,148598
61,8,81,108,Medium,150,60.25,355270
75,38,45,269,Hard,158,67.63,292997
78,26,48,54,Hard,152,62.05,341214
27,36,98,146,Hard,161,60.64,356570
34,9,87,97,Medium,130,49.81,451901
42,43,84,76,Medium,169,58.02,376407
37,83,29,126,Easy,149,50.5,446142
8,37,65,148,Hard,110,52.58,426799
36,54,37,244,Easy,127,52.83,426571
85,61,33,107,Medium,179,68.4,281577
77,70,67,254,Medium,214,86.42,119555
40,57,3,232,Medium,100,46.68,479665
91,77,76,110,Hard,244,86.33,125408
46,81,46,192,Hard,173,73.35,237290
23,10,54,237,Hard,87,48.42,463323
6,31,84,186,Easy,121,45.73,489288
11,24,69,235,Medium,104,45.87,489439
79,14,61,222,Medium,154,60.11,360668
31,51,90,274,Hard,172,70.45,263072
46,14,8,264,Easy,68,33.17,601604
82,94,99,110,Hard,275,100.0,1
90,76,79,227,Hard,245,100.0,1
38,68,31,224,Easy,137,49.04,456468
100,48,85,54,Hard,233,81.01,169547
9,20,58,113,Easy,87,30.26,626558
86,18,4,190,Easy,108,45.41,491715
3,86,24,250,Easy,113,42.69,518126
1,52,85,257,Easy,138,51.1,439779
27,77,13,146,Medium,117,45.98,484803
62,70,42,293,Easy,174,69.79,272828
56,31,72,53,Easy,159,52.94,424726
53,20,22,161,Easy,95,35.24,582698
49,44,58,153,Medium,151,61.6,348287
21,42,61,288,Medium,124,53.03,425510
97,16,33,260,Hard,146,70.03,269563
65,61,56,202,Hard,182,77.99,199970
56,83,55,281,Easy,194,72.82,243643
100,28,67,282,Medium,195,75.73,215827
77,8,78,208,Easy,163,58.37,376408
58,93,11,149,Medium,162,58.15,376708
55,48,42,235,Easy,145,52.9,424844
88,45,45,275,Hard,178,74.13,233611
52,48,77,236,Easy,177,64.46,321269
8,32,15,212,Hard,55,32.07,610213
89,57,84,148,Hard,230,91.28,79480
75,30,61,133,Easy,166,62.24,338608
45,37,72,210,Hard,154,66.99,298966
85,34,35,75,Easy,154,55.09,404316
86,10,0,101,Medium,96,35.32,584867
99,96,23,172,Medium,218,79.5,187251
18,13,32,189,Medium,63,31.59,616011
100,13,10,63,Easy,123,43.16,510418
97,46,39,131,Easy,182,65.7,307983
31,47,14,222,Medium,92,44.29,500923
100,77,87,200,Hard,264,100.0,2380
42,72,21,65,Hard,135,49.69,455316
48,64,68,103,Easy,180,65.04,314423
97,43,29,247,Medium,169,72.84,242671
33,30,82,82,Medium,145,55.19,401869
52,58,97,251,Easy,207,76.87,208351
13,64,0,120,Easy,77,30.18,630269
59,52,58,105,Medium,169,62.74,334597
33,95,55,57,Medium,183,68.12,285098
68,40,27,263,Easy,135,58.25,378265
36,75,4,55,Medium,115,43.21,513133
9,12,89,250,Hard,110,52.42,426623
64,55,95,228,Medium,214,83.56,145969
49,82,14,210,Medium,145,55.5,402164
19,46,61,139,Hard,126,48.1,469256
38,38,94,104,Easy,170,62.44,338240
87,43,51,162,Medium,181,71.41,255248
100,64,9,181,Medium,173,67.72,292850
12,8,54,148,Hard,74,37.11,565218
92,15,36,134,Hard,143,61.54,347341
42,43,12,295,Medium,97,42.8,513772
6,21,7,111,Medium,34,12.04,792490
72,29,33,140,Hard,134,59.25,367325
39,96,17,131,Hard,152,62.4,338757
50,52,52,293,Easy,154,61.17,346709
